{
  "project_info": {
    "project_number": "736055179057",
    "project_id": "fire-domain-5bd53",
    "storage_bucket": "fire-domain-5bd53.firebasestorage.app"
  },
  "client": [
    {
      "client_info": {
        "mobilesdk_app_id": "1:736055179057:android:7248de18c6b736410da210",
        "android_client_info": {
          "package_name": "com.fake.profileactivity"
        }
      },
      "oauth_client": [],
      "api_key": [
        {
          "current_key": "AIzaSyB74cZP0RPZ9zqNEvdqYQgFTcAmZUiHRyg"
        }
      ],
      "services": {
        "appinvite_service": {
          "other_platform_oauth_client": []
        }
      }
    },
    {
      "client_info": {
        "mobilesdk_app_id": "1:736055179057:android:4c069cc3df7835610da210",
        "android_client_info": {
          "package_name": "com.fake.registration_app"
        }
      },
      "oauth_client": [],
      "api_key": [
        {
          "current_key": "AIzaSyB74cZP0RPZ9zqNEvdqYQgFTcAmZUiHRyg"
        }
      ],
      "services": {
        "appinvite_service": {
          "other_platform_oauth_client": []
        }
      }
    }
  ],
  "configuration_version": "1"
}